{"content_songs_evaluated":100,"top_popular_artists":["Britney Spears","Depeche Mode","Lady Gaga","Christina Aguilera","Paramore","Madonna","Rihanna","Shakira","The Beatles","Katy Perry"],"total_interactions":92834,"content_similarity_std":0.025753657321092256,"total_artists":17632,"_wandb":{"runtime":0},"popularity_diversity":20,"content_avg_similarity":0.966318875177765,"popularity_top_artist_score":1,"popularity_avg_listens":785334.2,"top_popular_scores":[1,0.5437659309526396,0.5396203314473871,0.44226622763398715,0.4025878135002549,0.3849327661565976,0.37834100804800386,0.2877094528527374,0.2766724888640029,0.22252981438612032],"_timestamp":1.758753270669439e+09,"_runtime":0,"unique_users":1892,"_step":1,"total_songs":32833}