{"train_loss":0.04439532375296696,"_timestamp":1.7587698115081258e+09,"_step":0,"_wandb":{"runtime":28},"_runtime":28,"epoch":1}