{"_runtime":61,"train_loss":0.22585275325369328,"_timestamp":1.7587690162841594e+09,"ndcg@20":0.011191232863750568,"hit_rate@20":0.028645833333333332,"ndcg@5":0.005368766436575132,"_step":10,"hit_rate@5":0.0078125,"_wandb":{"runtime":61},"hit_rate@10":0.015625,"epoch":10,"val_loss":11.620467185974121,"ndcg@10":0.007917217860427327}