{"epoch":7,"train_loss":2.7658127821408787,"ndcg@10":0.006574442454483902,"ndcg@20":0.005648310705696855,"precision@20":0.0055000000000000005,"_step":7,"precision@10":0.007000000000000001,"_runtime":76,"_wandb":{"runtime":76},"ndcg@5":0.0033916020527361614,"recall@10":0.0013999999999999998,"recall@5":0.0002,"recall@20":0.0022,"_timestamp":1.7587711796961284e+09,"precision@5":0.002}