{"_runtime":0,"popularity_diversity":20,"popularity_top_artist_score":1,"content_avg_similarity":0.9646252409994546,"top_popular_artists":["Britney Spears","Depeche Mode","Lady Gaga","Christina Aguilera","Paramore","Madonna","Rihanna","Shakira","The Beatles","Katy Perry"],"total_interactions":92834,"content_similarity_std":0.019480284141225147,"total_artists":17632,"popularity_avg_listens":785334.2,"content_songs_evaluated":100,"_timestamp":1.7587536313498404e+09,"unique_users":1892,"total_songs":32833,"_step":1,"_wandb":{"runtime":0},"top_popular_scores":[1,0.5437659309526396,0.5396203314473871,0.44226622763398715,0.4025878135002549,0.3849327661565976,0.37834100804800386,0.2877094528527374,0.2766724888640029,0.22252981438612032]}