{"recall@20":0.0022,"precision@5":0.002,"_runtime":87,"_wandb":{"runtime":87},"recall@5":0.0002,"ndcg@10":0.006574442454483902,"ndcg@5":0.0033916020527361614,"precision@20":0.0055000000000000005,"ndcg@20":0.005648310705696855,"epoch":7,"recall@10":0.0013999999999999998,"train_loss":2.765202799996177,"_timestamp":1.7587708804220493e+09,"precision@10":0.007000000000000001,"_step":7}