{"_wandb":{"runtime":423},"_runtime":423,"_step":19,"epoch":20,"train_loss":0.0002033163754359438,"_timestamp":1.7587696746536021e+09}