{"train_loss":0.00030904532644314344,"_timestamp":1.7587705329127035e+09,"_step":19,"_wandb":{"runtime":227},"_runtime":227,"epoch":20}