{"feature_importance_artist_avg_weight":0.19921264070534214,"_timestamp":1.7587615590371196e+09,"feature_importance_user_avg_weight":0.011179312799619935,"_wandb":{"runtime":10},"feature_importance_artist_interactions":0.00194314121498806,"_runtime":10,"total_features":15,"unique_artists":17632,"feature_importance_artist_total_listens":0.004935282199948286,"feature_importance_user_total_listens":0.010354234728435928,"feature_importance_artist_unique_users":0.0029166751134739035,"feature_importance_weight_vs_user_avg":0.07130075052284937,"mae":13.020849356384984,"total_samples":92834,"feature_importance_relative_artist_popularity":0.007934025819109174,"rmse":246.53554529117724,"correlation":0.9959884494237295,"feature_importance_weight_vs_artist_avg":0.6792556967225842,"feature_importance_relative_user_activity":0.009069490519948943,"unique_users":1892,"_step":10}